Keyword,Source
friteuse air fryer,Amazon Autocomplete
friteuse a huile,Amazon Autocomplete
friteuse a gaz,Amazon Autocomplete
friteuse a air,Amazon Autocomplete
friteuse a air chaud,Amazon Autocomplete
friteuse actifry seb,Amazon Autocomplete
friteuse air fryer ninja,Amazon Autocomplete
friteuse avec huile,Amazon Autocomplete
friteuse airfryer,Amazon Autocomplete
friteuse a gaz professionnelle,Amazon Autocomplete
friteuse brandt,Amazon Autocomplete
friteuse bestron,Amazon Autocomplete
friteuse bac amovible,Amazon Autocomplete
friteuse beignet,Amazon Autocomplete
friteuse blanche,Amazon Autocomplete
friteuse bosch,Amazon Autocomplete
friteuse bac huile amovible,Amazon Autocomplete
friteuse basique,Amazon Autocomplete
friteuse belge,Amazon Autocomplete
friteuse bassine,Amazon Autocomplete
friteuse cuve amovible,Amazon Autocomplete
friteuse casserole,Amazon Autocomplete
friteuse cecotec,Amazon Autocomplete
friteuse cuve amovible lavable,Amazon Autocomplete
friteuse casserole panier,Amazon Autocomplete
friteuse classique,Amazon Autocomplete
friteuse cuve inox,Amazon Autocomplete
friteuse classique traditionnelle,Amazon Autocomplete
friteuse crosson,Amazon Autocomplete
friteuse corn dog,Amazon Autocomplete
friteuse delonghi,Amazon Autocomplete
friteuse double bac,Amazon Autocomplete
friteuse double,Amazon Autocomplete
friteuse double bac professionnelle,Amazon Autocomplete
friteuse du nord,Amazon Autocomplete
friteuse deux bacs,Amazon Autocomplete
friteuse domo,Amazon Autocomplete
friteuse double panier,Amazon Autocomplete
friteuse demontable,Amazon Autocomplete
friteuse delonghi cuve amovible,Amazon Autocomplete
friteuse electrique,Amazon Autocomplete
friteuse electrique avec huile,Amazon Autocomplete
friteuse electrique sans huile,Amazon Autocomplete
friteuse electrique moulinex,Amazon Autocomplete
friteuse electrique tefal,Amazon Autocomplete
friteuse electrique professionnelle,Amazon Autocomplete
friteuse electrique 5 litres,Amazon Autocomplete
friteuse electrique cuve amovible,Amazon Autocomplete
friteuse electrique seb,Amazon Autocomplete
friteuse electrique 3l,Amazon Autocomplete
friteuse frifri,Amazon Autocomplete
friteuse familiale xxl,Amazon Autocomplete
friteuse facile à nettoyer,Amazon Autocomplete
friteuse familiale,Amazon Autocomplete
friteuse frifri 4l,Amazon Autocomplete
friteuse fritel,Amazon Autocomplete
friteuse fagor,Amazon Autocomplete
friteuse fonte,Amazon Autocomplete
friteuse frifri 3l,Amazon Autocomplete
friteuse free free,Amazon Autocomplete
friteuse gaz,Amazon Autocomplete
friteuse grande capacité,Amazon Autocomplete
friteuse gaz professionnelle 2 bacs au gaz,Amazon Autocomplete
friteuse graisse de boeuf,Amazon Autocomplete
friteuse gaz professionnelle,Amazon Autocomplete
friteuse grande capacité 3kg de frite,Amazon Autocomplete
friteuse gaz 20l,Amazon Autocomplete
friteuse gaz pro,Amazon Autocomplete
friteuse gras de boeuf,Amazon Autocomplete
friteuse gaz 5l,Amazon Autocomplete
friteuse huile,Amazon Autocomplete
friteuse huile 5l,Amazon Autocomplete
friteuse huile moulinex,Amazon Autocomplete
friteuse huile tefal,Amazon Autocomplete
friteuse huile 3l,Amazon Autocomplete
friteuse huile 1l,Amazon Autocomplete
friteuse huile traditionnelle,Amazon Autocomplete
friteuse huile professionnelle,Amazon Autocomplete
friteuse huile seb,Amazon Autocomplete
friteuse huile 4l,Amazon Autocomplete
friteuse induction,Amazon Autocomplete
friteuse inox,Amazon Autocomplete
friteuse induction avec panier inox,Amazon Autocomplete
friteuse individuelle,Amazon Autocomplete
friteuse inox induction,Amazon Autocomplete
friteuse inox 3l,Amazon Autocomplete
friteuse inox 5l,Amazon Autocomplete
friteuse induction tefal,Amazon Autocomplete
friteuse ikea,Amazon Autocomplete
friteuse inox gaz,Amazon Autocomplete
friteuse japonaise,Amazon Autocomplete
friteuse japonaise induction,Amazon Autocomplete
friteuse jouet,Amazon Autocomplete
friteuse jouet enfant,Amazon Autocomplete
friteuse japonaise tempura avec thermomètre,Amazon Autocomplete
friteuse japonaise avec panier,Amazon Autocomplete
friteuse japonaise 28 cm,Amazon Autocomplete
friteuse japonaise tempura,Amazon Autocomplete
joint friteuse moulinex mega 2kg,Amazon Autocomplete
joint friteuse moulinex super uno,Amazon Autocomplete
friteuse klarstein,Amazon Autocomplete
friteuse kitchencook,Amazon Autocomplete
friteuse koenig,Amazon Autocomplete
friteuse kitchen cook,Amazon Autocomplete
friteuse karaca,Amazon Autocomplete
friteuse krups,Amazon Autocomplete
friteuse kitchenaid,Amazon Autocomplete
friteuse kenwood,Amazon Autocomplete
friteuse keenox,Amazon Autocomplete
friteuse ken,Amazon Autocomplete
friteuse lavable au lave vaisselle,Amazon Autocomplete
friteuse lave vaisselle,Amazon Autocomplete
friteuse lavable,Amazon Autocomplete
friteuse qui passe au lave vaisselle,Amazon Autocomplete
friteuse lagrange,Amazon Autocomplete
friteuse large,Amazon Autocomplete
friteuse laguiole 3l,Amazon Autocomplete
friteuse livoo,Amazon Autocomplete
friteuse lidl,Amazon Autocomplete
friteuse 6 litres,Amazon Autocomplete
friteuse moulinex,Amazon Autocomplete
friteuse moulinex mega 2kg,Amazon Autocomplete
friteuse manuelle,Amazon Autocomplete
friteuse moulinex super uno,Amazon Autocomplete
friteuse moulinex uno,Amazon Autocomplete
friteuse moulinex xxl,Amazon Autocomplete
friteuse manuelle induction,Amazon Autocomplete
friteuse magimix,Amazon Autocomplete
friteuse marmite,Amazon Autocomplete
friteuse mini,Amazon Autocomplete
friteuse ninja,Amazon Autocomplete
friteuse ninja air fryer,Amazon Autocomplete
friteuse noir,Amazon Autocomplete
friteuse non electrique,Amazon Autocomplete
friteuse noire avec huile,Amazon Autocomplete
"friteuse ninja foodi max 10,4l",Amazon Autocomplete
friteuse ninja sans huile,Amazon Autocomplete
friteuse nettoyage facile,Amazon Autocomplete
friteuse noire,Amazon Autocomplete
friteuse normal,Amazon Autocomplete
friteuse oleo clean tefal,Amazon Autocomplete
friteuse oleoclean,Amazon Autocomplete
friteuse ohmex,Amazon Autocomplete
friteuse oleoclean tefal,Amazon Autocomplete
friteuse oleo,Amazon Autocomplete
friteuse ohmex 8l,Amazon Autocomplete
friteuse oleoclean seb,Amazon Autocomplete
friteuse oui personne samsung,Amazon Autocomplete
"friteuse oleoclean tefal 3,5l",Amazon Autocomplete
friteuse oleo clean,Amazon Autocomplete
friteuse professionnelle,Amazon Autocomplete
friteuse pro,Amazon Autocomplete
friteuse professionnelle gaz,Amazon Autocomplete
friteuse plaque induction,Amazon Autocomplete
friteuse pour plaque induction,Amazon Autocomplete
friteuse panier,Amazon Autocomplete
friteuse pas cher,Amazon Autocomplete
friteuse professionnelle 2 bacs,Amazon Autocomplete
friteuse philips,Amazon Autocomplete
friteuse professionnelle 10l,Amazon Autocomplete
friteuse qilive,Amazon Autocomplete
friteuse quigg,Amazon Autocomplete
friteuse qui filtre,Amazon Autocomplete
qilive friteuse sans huile,Amazon Autocomplete
quid baltic friteuse avec panier en acier carbone 20 cm,Amazon Autocomplete
friteuse air chaud qilive,Amazon Autocomplete
air fryer la friteuse qui cuit tout,Amazon Autocomplete
testeur qualité huile friteuse,Amazon Autocomplete
quel est la meilleure friteuse,Amazon Autocomplete
friteuse rose,Amazon Autocomplete
friteuse royal catering,Amazon Autocomplete
friteuse ronde,Amazon Autocomplete
friteuse rouge,Amazon Autocomplete
friteuse rossetto,Amazon Autocomplete
friteuse recuperation huile,Amazon Autocomplete
friteuse royal,Amazon Autocomplete
friteuse roller grill,Amazon Autocomplete
friteuse rectangulaire,Amazon Autocomplete
friteuse robinet,Amazon Autocomplete
friteuse sans huile,Amazon Autocomplete
friteuse seb,Amazon Autocomplete
friteuse sans huile ninja,Amazon Autocomplete
friteuse sans huile seb,Amazon Autocomplete
friteuse sans huile philips,Amazon Autocomplete
friteuse seb actifry,Amazon Autocomplete
friteuse sans huile familiale,Amazon Autocomplete
friteuse semi professionnelle,Amazon Autocomplete
friteuse sans huile moulinex,Amazon Autocomplete
friteuse sans odeur,Amazon Autocomplete
friteuse tefal,Amazon Autocomplete
friteuse traditionnelle,Amazon Autocomplete
"friteuse tefal oleo clean friteuse semi-professionnelle 3,5 l",Amazon Autocomplete
friteuse traditionnelle 32 cm,Amazon Autocomplete
friteuse tristar,Amazon Autocomplete
friteuse tempura,Amazon Autocomplete
friteuse tristar 5l,Amazon Autocomplete
friteuse tristar 3l,Amazon Autocomplete
friteuse traditionnelle induction,Amazon Autocomplete
friteuse tefal uno,Amazon Autocomplete
friteuse une personne,Amazon Autocomplete
friteuse uno,Amazon Autocomplete
friteuse une cuillère d'huile seb,Amazon Autocomplete
friteuse uno m,Amazon Autocomplete
friteuse uno moulinex,Amazon Autocomplete
friteuse une personne induction,Amazon Autocomplete
friteuse une cuillère d'huile,Amazon Autocomplete
filtre friteuse moulinex super uno,Amazon Autocomplete
friteuse ultra one,Amazon Autocomplete
friteuse vevor,Amazon Autocomplete
friteuse vegetaline,Amazon Autocomplete
friteuse vidange,Amazon Autocomplete
friteuse vintage,Amazon Autocomplete
friteuse vevor double bac,Amazon Autocomplete
friteuse vitrocéramique,Amazon Autocomplete
friteuse verte,Amazon Autocomplete
friteuse valgus,Amazon Autocomplete
friteuse verre,Amazon Autocomplete
friteuse vidangeable,Amazon Autocomplete
friteuse wmf,Amazon Autocomplete
friteuse xxl,Amazon Autocomplete
wpro nettoyant friteuse,Amazon Autocomplete
friteuse seb actifry genius fz760000 1350 w blanc,Amazon Autocomplete
wok pour friteuse inox,Amazon Autocomplete
friteuse - ninja - max af180eu - 2000 w,Amazon Autocomplete
koticidsin friteuse à air sans huile 8.5 l.com air fryer 2000 w,Amazon Autocomplete
friteuse seb xxl 1500 w,Amazon Autocomplete
friteuse ninja air fryer af140eu 2000 w noir,Amazon Autocomplete
friteuse ninja double stack dualzone sl400eu 2470 w noir et gris,Amazon Autocomplete
friteuse xxl moulinex 3kg,Amazon Autocomplete
friteuse xl,Amazon Autocomplete
friteuse xl 2kg de frites,Amazon Autocomplete
friteuse xxl moulinex,Amazon Autocomplete
friteuse xxl 5l,Amazon Autocomplete
friteuse xxl 1500 w,Amazon Autocomplete
friteuse xl clear duo,Amazon Autocomplete
friteuse xxl seb,Amazon Autocomplete
friteuse xiaomi,Amazon Autocomplete
"friteuse sans huile moulinex easy fry mega 7,5l yy5586fb",Amazon Autocomplete
friteuse moulinex super uno yy4544fb,Amazon Autocomplete
friteuse semi-professionnelle moulinex easy pro premium yy5144fb,Amazon Autocomplete
youtube friteuse à l'huile pour 2 personnes avec couverture,Amazon Autocomplete
friteuse seb actifry genius xl 2en1 yv970800,Amazon Autocomplete
tefal friteuse à air chaud 2 en 1 actifry genius xl yv9708,Amazon Autocomplete
friteuse zone froide,Amazon Autocomplete
friteuse avec zone froide,Amazon Autocomplete
friteuse sans huile ninja foodi dual zone af200eu,Amazon Autocomplete
friteuse à air ninja dual zone,Amazon Autocomplete
livre friteuse ninja dual zone,Amazon Autocomplete
friteuse sans huile ninja zone af300eu,Amazon Autocomplete
friteuse sans huile ninja airfryer foodi dual zone dz300eu,Amazon Autocomplete
friteuse à air dual zone 12l - iceagle - 2200w air fryer,Amazon Autocomplete
friteuse sans huile ninja - foodi max dual zone af400eu,Amazon Autocomplete
iceeagle friteuse sans huile 23l dual zone,Amazon Autocomplete
friteuse 1 personne,Amazon Autocomplete
friteuse 1l,Amazon Autocomplete
friteuse 10l,Amazon Autocomplete
friteuse 12l,Amazon Autocomplete
friteuse 1kg de frites,Amazon Autocomplete
friteuse 1 cuillère d'huile,Amazon Autocomplete
"friteuse 1,5l",Amazon Autocomplete
friteuse 1kg,Amazon Autocomplete
friteuse 1 personne à huile,Amazon Autocomplete
friteuse 15l,Amazon Autocomplete
friteuse 2 personnes,Amazon Autocomplete
friteuse 2 bacs,Amazon Autocomplete
friteuse 2kg,Amazon Autocomplete
friteuse 2l,Amazon Autocomplete
friteuse 20l,Amazon Autocomplete
friteuse 2kg de frites,Amazon Autocomplete
mini friteuse 2 personnes,Amazon Autocomplete
friteuse 2 bacs séparés,Amazon Autocomplete
friteuse 28 cm,Amazon Autocomplete
friteuse 2000w,Amazon Autocomplete
friteuse 3l,Amazon Autocomplete
friteuse 3l huile,Amazon Autocomplete
friteuse 3000w,Amazon Autocomplete
friteuse 30 cm,Amazon Autocomplete
friteuse 3kg,Amazon Autocomplete
friteuse 380v,Amazon Autocomplete
friteuse 3500w,Amazon Autocomplete
friteuse 3 bacs,Amazon Autocomplete
friteuse 3,Amazon Autocomplete
friteuse 30l,Amazon Autocomplete
friteuse 4l,Amazon Autocomplete
friteuse 4 personnes,Amazon Autocomplete
friteuse 4l huile,Amazon Autocomplete
"friteuse 4,5l",Amazon Autocomplete
friteuse 40l,Amazon Autocomplete
friteuse 4,Amazon Autocomplete
friteuse 4l tefal,Amazon Autocomplete
friteuse 4l inox,Amazon Autocomplete
friteuse 4kg,Amazon Autocomplete
"friteuse 4,5",Amazon Autocomplete
friteuse 5l,Amazon Autocomplete
friteuse 5 litres,Amazon Autocomplete
friteuse 5l huile,Amazon Autocomplete
friteuse 5 personnes,Amazon Autocomplete
friteuse 5 litres professionnel,Amazon Autocomplete
friteuse professionnelle 5l,Amazon Autocomplete
friteuse 5l tous feux,Amazon Autocomplete
friteuse 5l double,Amazon Autocomplete
friteuse electrique avec huile 5l,Amazon Autocomplete
friteuse 6l,Amazon Autocomplete
friteuse 6 personnes,Amazon Autocomplete
friteuse 6l à l'huile,Amazon Autocomplete
friteuse huile 6/8 personnes,Amazon Autocomplete
friteuse 6 litres professionnel,Amazon Autocomplete
friteuse professionnelle 6l,Amazon Autocomplete
friteuse electrique 6 litres,Amazon Autocomplete
friteuse 6 l huile,Amazon Autocomplete
friteuse huile 6 litres,Amazon Autocomplete
friteuse 7 litres,Amazon Autocomplete
friteuse 7 personne,Amazon Autocomplete
friteuse sans huile moulinex easy fry xxl 7.5l ez855d20,Amazon Autocomplete
friteuse à air compacte 7l avec fenêtre,Amazon Autocomplete
philips friteuse sans huile hd9252/70 airfryer series 3000,Amazon Autocomplete
friteuse sans huile philips - airfryer hd9270/70 série 3000,Amazon Autocomplete
"moulinex friteuse sans huile air fryer easy fry mega 7,5l ez855d20",Amazon Autocomplete
"friteuse sans huile airfryer 7,5 l ez855bf0 moulinex",Amazon Autocomplete
"friteuse airfryer 7,5 l ez855bf0 moulinex",Amazon Autocomplete
friteuse 8 litres,Amazon Autocomplete
friteuse 8l,Amazon Autocomplete
friteuse 8l professionnelle,Amazon Autocomplete
friteuse 8l avec robinet de vidange,Amazon Autocomplete
friteuse 8 personnes,Amazon Autocomplete
friteuse 8l lacore,Amazon Autocomplete
friteuse sans huile 8l,Amazon Autocomplete
friteuse electrique 8 litres,Amazon Autocomplete
friteuse sans huile airfryer 8l ohm-fry-8025eu ohmex,Amazon Autocomplete
friteuse 9l,Amazon Autocomplete
friteuse sans huile 9 litres,Amazon Autocomplete
cecotec friteuse à air sans huile - 9l,Amazon Autocomplete
friteuse sans huile 9l,Amazon Autocomplete
"friteuse sans huile ninja double stack xl 9,5 l",Amazon Autocomplete
carrefour medek friteuse airfryer medek ra910d 9l 2 bacs 1800w,Amazon Autocomplete
"friteuse sans huile ninja double stack xl 9,5  sl400eu",Amazon Autocomplete
friteuse sans huile philips na351/00 airfryer double panier 9l,Amazon Autocomplete
seb poignee friteuse mega xxl am4800 moulinex ss-994679,Amazon Autocomplete
"grille friteuse, airfryer ss-997725, ss997725 moulinex, tefal",Amazon Autocomplete
friteuse 10 l avec robinet de vidange,Amazon Autocomplete
friteuse 1000w,Amazon Autocomplete
friteuse grande capacité 10 personnes,Amazon Autocomplete
friteuse 10 personnes,Amazon Autocomplete
friteuse sans huile 10l,Amazon Autocomplete
"friteuse sans huile ninja foodi flex 10,4l af500eu",Amazon Autocomplete
"friteuse air fryer ninja double 10,5l",Amazon Autocomplete
friteuse ninja xxl,Amazon Autocomplete
friteuse ninja af500,Amazon Autocomplete
friteuse ninja foodi,Amazon Autocomplete
friteuse ninja double,Amazon Autocomplete
friteuse ninja double stack,Amazon Autocomplete
friteuse ninja crispi,Amazon Autocomplete
friteuse philips airfryer,Amazon Autocomplete
friteuse philips huile,Amazon Autocomplete
friteuse philips na231/00 airfryer 6.2l noir série 2000,Amazon Autocomplete
friteuse philips air fryer 5000,Amazon Autocomplete
friteuse philips air fryer,Amazon Autocomplete
friteuse philips na211/00,Amazon Autocomplete
friteuse philips hd9880,Amazon Autocomplete
friteuse philips 352,Amazon Autocomplete
friteuse philips double,Amazon Autocomplete
friteuse seb avec huile,Amazon Autocomplete
friteuse seb sans huile,Amazon Autocomplete
friteuse seb oleoclean,Amazon Autocomplete
friteuse seb filtra one,Amazon Autocomplete
friteuse seb simply one,Amazon Autocomplete
friteuse seb actifry genius,Amazon Autocomplete
friteuse seb filtra pro,Amazon Autocomplete
friteuse seb 4l,Amazon Autocomplete
friteuse tefal sans huile,Amazon Autocomplete
friteuse tefal actifry,Amazon Autocomplete
friteuse tefal fr516070,Amazon Autocomplete
friteuse tefal maxi fry,Amazon Autocomplete
friteuse tefal oleo clean,Amazon Autocomplete
friteuse tefal f63-m1,Amazon Autocomplete
friteuse tefal ultra fry ey111b15,Amazon Autocomplete
friteuse moulinex mega xxl 2kg,Amazon Autocomplete
friteuse moulinex 2kg,Amazon Autocomplete
friteuse moulinex easy pro,Amazon Autocomplete
friteuse moulinex noir,Amazon Autocomplete
friteuse moulinex uno af203110,Amazon Autocomplete
friteuse delonghi f44532cz,Amazon Autocomplete
friteuse delonghi fs6035,Amazon Autocomplete
friteuse delonghi premium fry fz44851,Amazon Autocomplete
friteuse delonghi rotofry,Amazon Autocomplete
friteuse delonghi 5l,Amazon Autocomplete
friteuse delonghi static fs8065,Amazon Autocomplete
friteuse delonghi livenza,Amazon Autocomplete
friteuse delonghi fs 8065,Amazon Autocomplete
friteuse brandt 3200,Amazon Autocomplete
friteuse brandt 3l,Amazon Autocomplete
friteuse brandt fri3000,Amazon Autocomplete
friteuse brandt fri3000 panier,Amazon Autocomplete
friteuse brandt cuve amovible,Amazon Autocomplete
friteuse brandt fri4200 inox 4.2l,Amazon Autocomplete
friteuse brandt fri25r,Amazon Autocomplete
friteuse electrique brandt,Amazon Autocomplete
friteuse huile brandt,Amazon Autocomplete
friteuse fagor fg2310,Amazon Autocomplete
friteuse fagor 3l,Amazon Autocomplete
la friteuse fagor double panier,Amazon Autocomplete
friteuse fagor fagor7,Amazon Autocomplete
friteuse fagor fgaf63 cooking fry avec vitre 1500 w noir,Amazon Autocomplete
friteuse sans huile fagor,Amazon Autocomplete
friteuse electrique fagor,Amazon Autocomplete
friteuse airfryer 11 l fgoren7 fagor,Amazon Autocomplete
friteuse air fryer fagor,Amazon Autocomplete
friteuse cosori air fryer xxl,Amazon Autocomplete
friteuse cosori,Amazon Autocomplete
friteuse air fryer cosori,Amazon Autocomplete
friteuse sans huile cosori 10l twinfry chef édition kosp0027eun,Amazon Autocomplete
friteuse cosori 10l,Amazon Autocomplete
friteuse sans huile cosori,Amazon Autocomplete
friteuse cosori à tour de 10.8l - turbo tower pro smart chef edition,Amazon Autocomplete
friteuse sans huile cosori kosp0041eun turbo tower basic,Amazon Autocomplete
friteuse sans huile cosori dual blaze twinfry chef edition 10l,Amazon Autocomplete
"friteuse sans huile cosori dual basket chef edition 8,5l",Amazon Autocomplete
friteuse cecotec 9l 2 tiroir air fryer,Amazon Autocomplete
friteuse cecotec sans huile,Amazon Autocomplete
friteuse air fryer cecotec,Amazon Autocomplete
friteuse cecotec bac de recuperation,Amazon Autocomplete
"cecotec friteuse sans huile 5,5 l",Amazon Autocomplete
friteuse electrique cecotec,Amazon Autocomplete
cecotec friteuse huile,Amazon Autocomplete
cecotec friteuse à air,Amazon Autocomplete
friteuse electrique livoo,Amazon Autocomplete
friteuse sans huile livoo,Amazon Autocomplete
friteuse tristar pd-8950,Amazon Autocomplete
friteuse tristar fr9334,Amazon Autocomplete
grand panier friteuse tristar 5l,Amazon Autocomplete
panier friteuse tristar,Amazon Autocomplete
friteuse electrique tristar,Amazon Autocomplete
panier pour friteuse tristar,Amazon Autocomplete
friteuse sans huile tristar,Amazon Autocomplete
friteuse sans huile russell hobbs,Amazon Autocomplete
russell hobbs friteuse,Amazon Autocomplete
friteuse princess,Amazon Autocomplete
friteuse princesse 5l,Amazon Autocomplete
friteuse princesse 3l,Amazon Autocomplete
friteuse princess 185000,Amazon Autocomplete
friteuse princess 5l,Amazon Autocomplete
princess friteuse à huile 5 l,Amazon Autocomplete
friteuse princess 182626 - 4 portions - 2000 w - 3 litres,Amazon Autocomplete
friteuse electrique princess,Amazon Autocomplete
friteuse air fryer princess,Amazon Autocomplete
friteuse huile princess,Amazon Autocomplete
friteuse electrique bestron,Amazon Autocomplete
bestron friteuse à huile,Amazon Autocomplete
panier friteuse bestron,Amazon Autocomplete
panier pour friteuse bestron,Amazon Autocomplete
friteuse electrique avec huile bestron,Amazon Autocomplete
filtre friteuse bestron,Amazon Autocomplete
panier friteuse bestron 4 litres,Amazon Autocomplete
friteuse severin,Amazon Autocomplete
friteuse electrique severin,Amazon Autocomplete
mini friteuse severin,Amazon Autocomplete
filtre pour friteuse severin,Amazon Autocomplete
filtre friteuse severin,Amazon Autocomplete
filtre pour friteuse severin fr2431,Amazon Autocomplete
friteuse techwood,Amazon Autocomplete
"friteuse sans huile duo - 8,8 l techwood",Amazon Autocomplete
friteuse sans huile techwood,Amazon Autocomplete
petite friteuse 1 litre electrique avec huile techwood,Amazon Autocomplete
techwood friteuse sans huile duo,Amazon Autocomplete
friteuse silvercrest lidl,Amazon Autocomplete
friteuse silvercrest,Amazon Autocomplete
friteuse sans huile silvercrest,Amazon Autocomplete
friteuse a air chaud silvercrest,Amazon Autocomplete
friteuse à air chaud silvercrest,Amazon Autocomplete
silvercrest kitchen tools friteuse en acier inoxydable,Amazon Autocomplete
friteuse à air chaud 9 en 1 silvercrest,Amazon Autocomplete
silvercrest mini friteuse,Amazon Autocomplete
friteuse electrique silvercrest,Amazon Autocomplete
silvercrest accessoires pour friteuse à air chaud,Amazon Autocomplete
ambiano friteuse,Amazon Autocomplete
friteuse sans huile double bac,Amazon Autocomplete
friteuse sans huile tefal,Amazon Autocomplete
friteuse sans huile digitale,Amazon Autocomplete
friteuse sans huile 2l,Amazon Autocomplete
friteuse électrique,Amazon Autocomplete
friteuse électrique à huile,Amazon Autocomplete
friteuse électrique amazon,Amazon Autocomplete
friteuse électrique tefal,Amazon Autocomplete
friteuse électrique cuve amovible,Amazon Autocomplete
friteuse électrique seb,Amazon Autocomplete
friteuse électrique 5l,Amazon Autocomplete
friteuse électrique moulinex,Amazon Autocomplete
friteuse électrique ninja,Amazon Autocomplete
friteuse électrique sans huile,Amazon Autocomplete
friteuse gaz 2 bacs,Amazon Autocomplete
friteuse gaz 6l,Amazon Autocomplete
friteuse gaz 1 bac,Amazon Autocomplete
friteuse gaz 12l,Amazon Autocomplete
friteuse professionnelle 16l,Amazon Autocomplete
friteuse professionnelle électrique,Amazon Autocomplete
friteuse professionnelle vevor,Amazon Autocomplete
friteuse professionnelle double bac,Amazon Autocomplete
friteuse air fryer philips,Amazon Autocomplete
friteuse air fryer xxl,Amazon Autocomplete
friteuse air fryer moulinex,Amazon Autocomplete
friteuse air fryer ohmex,Amazon Autocomplete
friteuse air fryer 8 litres,Amazon Autocomplete
friteuse traditionnelle 28 cm,Amazon Autocomplete
friteuse traditionnelle grande capacité,Amazon Autocomplete
friteuse traditionnelle 5l,Amazon Autocomplete
friteuse traditionnelle huile,Amazon Autocomplete
friteuse traditionnelle inox,Amazon Autocomplete
friteuse traditionnelle 20 cm,Amazon Autocomplete
friteuse traditionnelle bain d huile,Amazon Autocomplete
friteuse miniature,Amazon Autocomplete
mini friteuse 1 personne,Amazon Autocomplete
mini friteuse sans huile,Amazon Autocomplete
mini friteuse electrique,Amazon Autocomplete
mini friteuse huile,Amazon Autocomplete
mini friteuse 1 litre,Amazon Autocomplete
mini friteuse induction,Amazon Autocomplete
mini four avec friteuse intégrée,Amazon Autocomplete
friteuse grande,Amazon Autocomplete
friteuse grande capacité 5kg de frite,Amazon Autocomplete
friteuse grande capacité gaz,Amazon Autocomplete
friteuse grande capacité huile,Amazon Autocomplete
friteuse grande capacité moulinex,Amazon Autocomplete
friteuse grande capacité non électrique pour plaque vitrocéramique,Amazon Autocomplete
friteuse grande capacité 5kg de frite a gaz,Amazon Autocomplete
friteuse electrique moulinex 2kg xxl,Amazon Autocomplete
friteuse sans huile philips xxl,Amazon Autocomplete
friteuse xxl huile,Amazon Autocomplete
friteuse xxl sans huile,Amazon Autocomplete
friteuse inox 6l,Amazon Autocomplete
friteuse inox 4l,Amazon Autocomplete
friteuse inox pro,Amazon Autocomplete
friteuse inox induction 18/10,Amazon Autocomplete
friteuse inox 2l,Amazon Autocomplete
friteuse double cuve,Amazon Autocomplete
friteuse double bac avec robinet,Amazon Autocomplete
friteuse double electrique,Amazon Autocomplete
friteuse double bac inox,Amazon Autocomplete
friteuse double compartiment,Amazon Autocomplete
friteuse double pro,Amazon Autocomplete
friteuse multifonction,Amazon Autocomplete
friteuse multifonctionnelle en acier inoxydable 304,Amazon Autocomplete
friteuse multifonction fonte,Amazon Autocomplete
friteuse electrique multifonction,Amazon Autocomplete
friteuse sans huile multifonction,Amazon Autocomplete
"moulinex easy fry multifonction 9-en-1 et grill, friteuse à air chaud",Amazon Autocomplete
mini four multifonction airfryer-friteuse sans huile princess,Amazon Autocomplete
friteuse sans huile moulinex easy fry multifonction 15l al5558f0,Amazon Autocomplete
friteuse sans huile moulinex easy fry multifonction 15l al5558fo,Amazon Autocomplete
moulinex friteuse à air multifonction 9-en-1 easy fry - 1800 w - 15 l,Amazon Autocomplete
friteuse automatique,Amazon Autocomplete
friteuse electrique relevage automatique,Amazon Autocomplete
friteuse filtration huile automatique,Amazon Autocomplete
friteuse avec filtration huile automatique,Amazon Autocomplete
friteuse filtration automatique,Amazon Autocomplete
friteuse electrique automatique,Amazon Autocomplete
friteuse 1l d huile,Amazon Autocomplete
friteuse 1l5,Amazon Autocomplete
friteuse 1l cuve amovible,Amazon Autocomplete
petite friteuse huile 1l5,Amazon Autocomplete
friteuse électrique 1l,Amazon Autocomplete
friteuse electrique avec huile 1l,Amazon Autocomplete
mini friteuse a huile electrique 1l,Amazon Autocomplete
friteuse electrique 1l,Amazon Autocomplete
friteuse 2l cuve inox,Amazon Autocomplete
friteuse 2l inox,Amazon Autocomplete
friteuse electrique avec huile 2l,Amazon Autocomplete
friteuse 2l induction,Amazon Autocomplete
friteuse electrique tefal 2l,Amazon Autocomplete
friteuse huile 2l,Amazon Autocomplete
friteuse electrique 2l,Amazon Autocomplete
friteuse 3l cuve amovible,Amazon Autocomplete
friteuse sans huile 3l,Amazon Autocomplete
friteuse electrique avec huile 3l,Amazon Autocomplete
friteuse à huile 3l,Amazon Autocomplete
friteuse electrique avec huile 4l,Amazon Autocomplete
friteuse 4l huile seb,Amazon Autocomplete
friteuse 4litrds,Amazon Autocomplete
friteuse 4 litres,Amazon Autocomplete
friteuse electrique 4l,Amazon Autocomplete
friteuse electrique 5l,Amazon Autocomplete
friteuse frifri 5l,Amazon Autocomplete
friteuse electrique 6l,Amazon Autocomplete
friteuse a gaz 6l,Amazon Autocomplete
friteuse huile 6l,Amazon Autocomplete
friteuse electrique avec huile 6l,Amazon Autocomplete
grande friteuse electrique 6l,Amazon Autocomplete
friteuse à air chaud 6l,Amazon Autocomplete
friteuse electrique professionnelle 8l,Amazon Autocomplete
friteuse huile 8l,Amazon Autocomplete
friteuse sans huile ohmex - 8l,Amazon Autocomplete
friteuse airfryer 8l ohm-fry-8025eu ohmex,Amazon Autocomplete
friteuse à gaz 10l,Amazon Autocomplete
friteuse electrique 10l,Amazon Autocomplete
friteuse air fryer 10l,Amazon Autocomplete
friteuse huile 10l,Amazon Autocomplete
medek friteuse sans huile air fryer 10l,Amazon Autocomplete
friteuse 1 litre,Amazon Autocomplete
friteuse electrique 1 litre,Amazon Autocomplete
friteuse 1 litre d huile,Amazon Autocomplete
petite friteuse 1 litre,Amazon Autocomplete
friteuse huile 1 litre,Amazon Autocomplete
friteuse 2 litres d'huile,Amazon Autocomplete
friteuse 2 litres,Amazon Autocomplete
friteuse 2 litres cuve amovible,Amazon Autocomplete
friteuse huile 2 litres,Amazon Autocomplete
friteuse electrique 2 litres,Amazon Autocomplete
friteuse electrique avec huile 2 litres,Amazon Autocomplete
friteuse electrique 2 fois 8 litres,Amazon Autocomplete
friteuse sans huile 2 litres,Amazon Autocomplete
petite friteuse 2 litres,Amazon Autocomplete
double friteuse électrique - 2 x 16 litres avec robinet de vidange,Amazon Autocomplete
